{
  "ABIRoot": {
    "kind": "Root",
    "name": "swiftarduino",
    "printedName": "swiftarduino",
    "children": [
      {
        "kind": "Import",
        "name": "Foundation",
        "printedName": "Foundation",
        "declKind": "Import",
        "moduleName": "swiftarduino"
      },
      {
        "kind": "Import",
        "name": "ORSSerial",
        "printedName": "ORSSerial",
        "declKind": "Import",
        "moduleName": "swiftarduino"
      },
      {
        "kind": "TypeDecl",
        "name": "SwiftArduino",
        "printedName": "SwiftArduino",
        "children": [
          {
            "kind": "Function",
            "name": "serialPortWasRemovedFromSystem",
            "printedName": "serialPortWasRemovedFromSystem(_:)",
            "children": [
              {
                "kind": "TypeNominal",
                "name": "Void",
                "printedName": "()"
              },
              {
                "kind": "TypeNominal",
                "name": "ORSSerialPort",
                "printedName": "ORSSerial.ORSSerialPort",
                "usr": "c:objc(cs)ORSSerialPort"
              }
            ],
            "declKind": "Func",
            "usr": "c:@M@swiftarduino@objc(cs)SwiftArduino(im)serialPortWasRemovedFromSystem:",
            "mangledName": "$s12swiftarduino12SwiftArduinoC30serialPortWasRemovedFromSystemyySo09ORSSerialE0CF",
            "moduleName": "swiftarduino",
            "objc_name": "serialPortWasRemovedFromSystem:",
            "declAttributes": [
              "ObjC",
              "AccessControl",
              "RawDocComment"
            ],
            "funcSelfKind": "NonMutating"
          },
          {
            "kind": "Var",
            "name": "shared",
            "printedName": "shared",
            "children": [
              {
                "kind": "TypeNominal",
                "name": "SwiftArduino",
                "printedName": "swiftarduino.SwiftArduino",
                "usr": "c:@M@swiftarduino@objc(cs)SwiftArduino"
              }
            ],
            "declKind": "Var",
            "usr": "s:12swiftarduino12SwiftArduinoC6sharedACvpZ",
            "mangledName": "$s12swiftarduino12SwiftArduinoC6sharedACvpZ",
            "moduleName": "swiftarduino",
            "static": true,
            "declAttributes": [
              "HasInitialValue",
              "Final",
              "HasStorage",
              "AccessControl"
            ],
            "isLet": true,
            "hasStorage": true,
            "accessors": [
              {
                "kind": "Accessor",
                "name": "Get",
                "printedName": "Get()",
                "children": [
                  {
                    "kind": "TypeNominal",
                    "name": "SwiftArduino",
                    "printedName": "swiftarduino.SwiftArduino",
                    "usr": "c:@M@swiftarduino@objc(cs)SwiftArduino"
                  }
                ],
                "declKind": "Accessor",
                "usr": "s:12swiftarduino12SwiftArduinoC6sharedACvgZ",
                "mangledName": "$s12swiftarduino12SwiftArduinoC6sharedACvgZ",
                "moduleName": "swiftarduino",
                "static": true,
                "implicit": true,
                "declAttributes": [
                  "Final"
                ],
                "accessorKind": "get"
              }
            ]
          },
          {
            "kind": "Function",
            "name": "make",
            "printedName": "make(pin:an:)",
            "children": [
              {
                "kind": "TypeNominal",
                "name": "Void",
                "printedName": "()"
              },
              {
                "kind": "TypeNominal",
                "name": "Int",
                "printedName": "Swift.Int",
                "usr": "s:Si"
              },
              {
                "kind": "TypeNominal",
                "name": "Bool",
                "printedName": "Swift.Bool",
                "usr": "s:Sb"
              }
            ],
            "declKind": "Func",
            "usr": "s:12swiftarduino12SwiftArduinoC4make3pin2anySi_SbtF",
            "mangledName": "$s12swiftarduino12SwiftArduinoC4make3pin2anySi_SbtF",
            "moduleName": "swiftarduino",
            "declAttributes": [
              "AccessControl",
              "RawDocComment"
            ],
            "funcSelfKind": "NonMutating"
          },
          {
            "kind": "Function",
            "name": "make",
            "printedName": "make(pin:onOff:)",
            "children": [
              {
                "kind": "TypeNominal",
                "name": "Void",
                "printedName": "()"
              },
              {
                "kind": "TypeNominal",
                "name": "Int",
                "printedName": "Swift.Int",
                "usr": "s:Si"
              },
              {
                "kind": "TypeNominal",
                "name": "Bool",
                "printedName": "Swift.Bool",
                "usr": "s:Sb"
              }
            ],
            "declKind": "Func",
            "usr": "s:12swiftarduino12SwiftArduinoC4make3pin5onOffySi_SbtF",
            "mangledName": "$s12swiftarduino12SwiftArduinoC4make3pin5onOffySi_SbtF",
            "moduleName": "swiftarduino",
            "declAttributes": [
              "AccessControl"
            ],
            "funcSelfKind": "NonMutating"
          },
          {
            "kind": "Function",
            "name": "make",
            "printedName": "make(pin:onOffWatcher:)",
            "children": [
              {
                "kind": "TypeNominal",
                "name": "Void",
                "printedName": "()"
              },
              {
                "kind": "TypeNominal",
                "name": "Int",
                "printedName": "Swift.Int",
                "usr": "s:Si"
              },
              {
                "kind": "TypeNominal",
                "name": "Int",
                "printedName": "Swift.Int",
                "usr": "s:Si"
              }
            ],
            "declKind": "Func",
            "usr": "s:12swiftarduino12SwiftArduinoC4make3pin12onOffWatcherySi_SitF",
            "mangledName": "$s12swiftarduino12SwiftArduinoC4make3pin12onOffWatcherySi_SitF",
            "moduleName": "swiftarduino",
            "declAttributes": [
              "AccessControl",
              "RawDocComment"
            ],
            "funcSelfKind": "NonMutating"
          },
          {
            "kind": "Function",
            "name": "serialPort",
            "printedName": "serialPort(_:didReceive:)",
            "children": [
              {
                "kind": "TypeNominal",
                "name": "Void",
                "printedName": "()"
              },
              {
                "kind": "TypeNominal",
                "name": "ORSSerialPort",
                "printedName": "ORSSerial.ORSSerialPort",
                "usr": "c:objc(cs)ORSSerialPort"
              },
              {
                "kind": "TypeNominal",
                "name": "Data",
                "printedName": "Foundation.Data",
                "usr": "s:10Foundation4DataV"
              }
            ],
            "declKind": "Func",
            "usr": "c:@M@swiftarduino@objc(cs)SwiftArduino(im)serialPort:didReceiveData:",
            "mangledName": "$s12swiftarduino12SwiftArduinoC10serialPort_10didReceiveySo09ORSSerialE0C_10Foundation4DataVtF",
            "moduleName": "swiftarduino",
            "objc_name": "serialPort:didReceiveData:",
            "declAttributes": [
              "ObjC",
              "AccessControl",
              "RawDocComment"
            ],
            "funcSelfKind": "NonMutating"
          }
        ],
        "declKind": "Class",
        "usr": "c:@M@swiftarduino@objc(cs)SwiftArduino",
        "mangledName": "$s12swiftarduino12SwiftArduinoC",
        "moduleName": "swiftarduino",
        "declAttributes": [
          "AccessControl",
          "RawDocComment",
          "ObjC"
        ],
        "superclassUsr": "c:objc(cs)NSObject",
        "hasMissingDesignatedInitializers": true,
        "inheritsConvenienceInitializers": true,
        "superclassNames": [
          "ObjectiveC.NSObject"
        ],
        "conformances": [
          {
            "kind": "Conformance",
            "name": "Copyable",
            "printedName": "Copyable",
            "usr": "s:s8CopyableP",
            "mangledName": "$ss8CopyableP"
          },
          {
            "kind": "Conformance",
            "name": "Escapable",
            "printedName": "Escapable",
            "usr": "s:s9EscapableP",
            "mangledName": "$ss9EscapableP"
          },
          {
            "kind": "Conformance",
            "name": "Equatable",
            "printedName": "Equatable",
            "usr": "s:SQ",
            "mangledName": "$sSQ"
          },
          {
            "kind": "Conformance",
            "name": "Hashable",
            "printedName": "Hashable",
            "usr": "s:SH",
            "mangledName": "$sSH"
          },
          {
            "kind": "Conformance",
            "name": "CVarArg",
            "printedName": "CVarArg",
            "usr": "s:s7CVarArgP",
            "mangledName": "$ss7CVarArgP"
          },
          {
            "kind": "Conformance",
            "name": "_KeyValueCodingAndObservingPublishing",
            "printedName": "_KeyValueCodingAndObservingPublishing",
            "usr": "s:10Foundation37_KeyValueCodingAndObservingPublishingP",
            "mangledName": "$s10Foundation37_KeyValueCodingAndObservingPublishingP"
          },
          {
            "kind": "Conformance",
            "name": "_KeyValueCodingAndObserving",
            "printedName": "_KeyValueCodingAndObserving",
            "usr": "s:10Foundation27_KeyValueCodingAndObservingP",
            "mangledName": "$s10Foundation27_KeyValueCodingAndObservingP"
          },
          {
            "kind": "Conformance",
            "name": "CustomStringConvertible",
            "printedName": "CustomStringConvertible",
            "usr": "s:s23CustomStringConvertibleP",
            "mangledName": "$ss23CustomStringConvertibleP"
          },
          {
            "kind": "Conformance",
            "name": "CustomDebugStringConvertible",
            "printedName": "CustomDebugStringConvertible",
            "usr": "s:s28CustomDebugStringConvertibleP",
            "mangledName": "$ss28CustomDebugStringConvertibleP"
          }
        ]
      }
    ],
    "json_format_version": 8
  },
  "ConstValues": [
    {
      "filePath": "\/Users\/adrianoacosta\/Desktop\/swiftarduino\/swiftarduino\/swiftarduino.swift",
      "kind": "Dictionary",
      "offset": 795,
      "length": 3,
      "value": "[]"
    }
  ]
}